"TopicId","Title","PackageIdentity","PublicationOrder","TopicContentSHA256","SourceDocumentSHA256"
"data-capture-standards--d1d8e601","DATA CAPTURE STANDARDS","sha256:041e1186682322ba11d64abdafbc547dfb793083b9c22a6663aad3008a53d9d3","0","c72e3ca522cff7a91ff7acbe4026ccc298c06f83beb58217e47ec92f96f5e1aa","c804b65559ff8ad8d3a8dd66f01067ab468191a3487384514cdd1614a9f9178c"
"public-inquiry-guidelines--823709c0","PUBLIC INQUIRY GUIDELINES","sha256:041e1186682322ba11d64abdafbc547dfb793083b9c22a6663aad3008a53d9d3","1","921c646a079bfd14991fa0b05b1ef3bbcde12a1b547b479b2c944a60c2df67d8","c804b65559ff8ad8d3a8dd66f01067ab468191a3487384514cdd1614a9f9178c"
"file-access--e19256ff","FILE ACCESS","sha256:041e1186682322ba11d64abdafbc547dfb793083b9c22a6663aad3008a53d9d3","2","00a3bfc528c79a180bd75a437679510a154069ae1ec49c8ef54ba6de8ff85460","c804b65559ff8ad8d3a8dd66f01067ab468191a3487384514cdd1614a9f9178c"
"locate-a-file--82c06d21","LOCATE A FILE","sha256:041e1186682322ba11d64abdafbc547dfb793083b9c22a6663aad3008a53d9d3","3","877fcfe7eeebb90619c73bb7d71b380b9a965830ec5d1626d2e49a7ef566d62c","c804b65559ff8ad8d3a8dd66f01067ab468191a3487384514cdd1614a9f9178c"
"initiate-a-file--51d1f554","INITIATE A FILE","sha256:041e1186682322ba11d64abdafbc547dfb793083b9c22a6663aad3008a53d9d3","4","cb24217dfd0707a0712ead8b1bed470b16cbb04175a6f0806581b776180e0934","c804b65559ff8ad8d3a8dd66f01067ab468191a3487384514cdd1614a9f9178c"
"file-details--3422225d","FILE DETAILS","sha256:041e1186682322ba11d64abdafbc547dfb793083b9c22a6663aad3008a53d9d3","5","20e6268b57e7e97abdbb4a2e600df471959c775929db736c3c92d8979cafaf1b","c804b65559ff8ad8d3a8dd66f01067ab468191a3487384514cdd1614a9f9178c"
"parties--62236e0e","PARTIES","sha256:041e1186682322ba11d64abdafbc547dfb793083b9c22a6663aad3008a53d9d3","6","e034cda12f60127bc66c5268b9055f1cc6953786070d80a4cf4d7edb4c8ebe13","c804b65559ff8ad8d3a8dd66f01067ab468191a3487384514cdd1614a9f9178c"
"documents-data-entry--e87c1624","DOCUMENTS/DATA ENTRY","sha256:041e1186682322ba11d64abdafbc547dfb793083b9c22a6663aad3008a53d9d3","7","886bbd206829281e8a76d8d84e4b692ba2210cff40e9108a2125a5feab835b77","c804b65559ff8ad8d3a8dd66f01067ab468191a3487384514cdd1614a9f9178c"
"document-production--ad3390e0","DOCUMENT PRODUCTION","sha256:041e1186682322ba11d64abdafbc547dfb793083b9c22a6663aad3008a53d9d3","8","896d68acddca1c84727dac1ddc91217dbe3ccd33cef7d079bf1ace20a2632484","c804b65559ff8ad8d3a8dd66f01067ab468191a3487384514cdd1614a9f9178c"
"appearances--e741e6cc","APPEARANCES","sha256:041e1186682322ba11d64abdafbc547dfb793083b9c22a6663aad3008a53d9d3","9","021da53b8cfc96b8093302b4210fc6a9c02b298f09832acd26787c20589b938e","c804b65559ff8ad8d3a8dd66f01067ab468191a3487384514cdd1614a9f9178c"
"record-results--01199d05","RECORD RESULTS","sha256:041e1186682322ba11d64abdafbc547dfb793083b9c22a6663aad3008a53d9d3","10","555858fb7b53c7f4eb139945bdf0f60dab4991338118207b86cdc3a4b5209440","c804b65559ff8ad8d3a8dd66f01067ab468191a3487384514cdd1614a9f9178c"
"session-results--f065df18","SESSION RESULTS","sha256:041e1186682322ba11d64abdafbc547dfb793083b9c22a6663aad3008a53d9d3","11","c8e0c839bac0b09361e2e3917348fd33f7dceb45f383f3c82c8d21c82b7aa383","c804b65559ff8ad8d3a8dd66f01067ab468191a3487384514cdd1614a9f9178c"
"orders--25c57174","ORDERS","sha256:041e1186682322ba11d64abdafbc547dfb793083b9c22a6663aad3008a53d9d3","12","d5b5dbd13ce74bcd5731fe9cd361eb854a6ab45e3970dec655b5ae3a7c5c9846","c804b65559ff8ad8d3a8dd66f01067ab468191a3487384514cdd1614a9f9178c"
"desk-orders--36dc75b0","DESK ORDERS","sha256:041e1186682322ba11d64abdafbc547dfb793083b9c22a6663aad3008a53d9d3","13","7984a845495290c99f05d894758e81af71a21bff65293bce0e9b48ac088064bb","c804b65559ff8ad8d3a8dd66f01067ab468191a3487384514cdd1614a9f9178c"
"protection-orders--2955bfec","PROTECTION ORDERS","sha256:041e1186682322ba11d64abdafbc547dfb793083b9c22a6663aad3008a53d9d3","14","e05d0f54aaa7ecd346930e4b43a688b119102de1936bf6867e4ba24dc44b652b","c804b65559ff8ad8d3a8dd66f01067ab468191a3487384514cdd1614a9f9178c"
"referral-tracking--40fb16aa","REFERRAL TRACKING","sha256:041e1186682322ba11d64abdafbc547dfb793083b9c22a6663aad3008a53d9d3","15","367feef9c540ab43dc7204ea7c4b41232edac4cb2ff27e8c727c65e9a0ef909b","c804b65559ff8ad8d3a8dd66f01067ab468191a3487384514cdd1614a9f9178c"
"warrants--f373f7fc","WARRANTS","sha256:041e1186682322ba11d64abdafbc547dfb793083b9c22a6663aad3008a53d9d3","16","a56cf561f08cc61b3ce7f82227bc82b75e0736f8e98ec4111fb39732ddac3241","c804b65559ff8ad8d3a8dd66f01067ab468191a3487384514cdd1614a9f9178c"
"transfers--439a0b5a","TRANSFERS","sha256:041e1186682322ba11d64abdafbc547dfb793083b9c22a6663aad3008a53d9d3","17","8354a7df2854eb08b3e72f08e51b02cf5ab77cf99e7238429078ad67e7adee68","c804b65559ff8ad8d3a8dd66f01067ab468191a3487384514cdd1614a9f9178c"
"court-list-module--92af7a82","COURT LIST MODULE","sha256:041e1186682322ba11d64abdafbc547dfb793083b9c22a6663aad3008a53d9d3","18","e69a9b86964c105ce29434b50719fa44a5860dd36ccc95bd4616574612167c00","c804b65559ff8ad8d3a8dd66f01067ab468191a3487384514cdd1614a9f9178c"
"reports-module--6494d095","REPORTS MODULE","sha256:041e1186682322ba11d64abdafbc547dfb793083b9c22a6663aad3008a53d9d3","19","fb676dae62b292500dcb20554bd9d4a4af21eddf2eaf67be325b0d0b265dcc79","c804b65559ff8ad8d3a8dd66f01067ab468191a3487384514cdd1614a9f9178c"
"ceis-resources--d6d3efb7","CEIS RESOURCES","sha256:041e1186682322ba11d64abdafbc547dfb793083b9c22a6663aad3008a53d9d3","20","28d31516e9f190058365395878583439f5d972b9c15012d0a28c36135ddaf8a7","c804b65559ff8ad8d3a8dd66f01067ab468191a3487384514cdd1614a9f9178c"
"other-helpful-support-emails--38d696b2","OTHER HELPFUL SUPPORT EMAILS","sha256:041e1186682322ba11d64abdafbc547dfb793083b9c22a6663aad3008a53d9d3","21","8d6c2c13f1d03e8a21ff19bcef1763371a8ebd91226aa75cce1434cc649df175","c804b65559ff8ad8d3a8dd66f01067ab468191a3487384514cdd1614a9f9178c"
"ceis-training--94f8aa2a","CEIS TRAINING","sha256:041e1186682322ba11d64abdafbc547dfb793083b9c22a6663aad3008a53d9d3","22","594377c6eddb7fc61075428f26b3fe2e5b211824f294ac0563bd895e52422407","c804b65559ff8ad8d3a8dd66f01067ab468191a3487384514cdd1614a9f9178c"
"ceis-access-levels--42edb397","CEIS ACCESS LEVELS","sha256:041e1186682322ba11d64abdafbc547dfb793083b9c22a6663aad3008a53d9d3","23","6a139760371fcfcb64cf434abf2e8d4d664219815f7402bb2331101662e8e7e1","c804b65559ff8ad8d3a8dd66f01067ab468191a3487384514cdd1614a9f9178c"
"ceis-support-faq--218dfe1f","CEIS SUPPORT FAQ","sha256:041e1186682322ba11d64abdafbc547dfb793083b9c22a6663aad3008a53d9d3","24","572bc47bbebec5bb7b6ab5194ebb888d399543601e5dbbcbf96d735e7b069045","c804b65559ff8ad8d3a8dd66f01067ab468191a3487384514cdd1614a9f9178c"
