content-assembly	content-assemble-structured-content	PASS	0	0	
content-extraction	content-extract-docx	PASS	0	0	
content-rendering	content-compare-rendered-output	PASS	0	0	
content-rendering	content-create-aspx-rendering-template	PASS	0	0	
content-rendering	content-create-markdown-rendering-template	PASS	0	0	
content-rendering	content-render-multipage-markdown	PASS	0	0	
content-rendering	content-render-sharepoint-aspx	PASS	0	0	
content-rendering	content-validate-rendered-output	PASS	0	0	
content-rendering	content-validate-rendering-template	PASS	0	0	
content-structure-analysis	content-analyze-document-structure	PASS	0	0	
sharepoint-agents-and-skills	sharepoint-apply-sharepoint-agent-template	PASS	0	0	
sharepoint-agents-and-skills	sharepoint-backup-sharepoint-agents	PASS	0	0	
sharepoint-agents-and-skills	sharepoint-backup-sharepoint-native-skills	PASS	0	0	
sharepoint-agents-and-skills	sharepoint-configure-sharepoint-agent-knowledge	PASS	0	0	
sharepoint-agents-and-skills	sharepoint-create-sharepoint-agent	PASS	0	0	
sharepoint-agents-and-skills	sharepoint-create-sharepoint-agent-template	PASS	0	0	
sharepoint-agents-and-skills	sharepoint-create-sharepoint-native-skill	PASS	0	0	
sharepoint-agents-and-skills	sharepoint-deploy-sharepoint-native-skill	PASS	0	0	
sharepoint-agents-and-skills	sharepoint-inventory-and-validate-agentassets	PASS	0	0	
sharepoint-agents-and-skills	sharepoint-restore-sharepoint-agents	PASS	0	0	
sharepoint-agents-and-skills	sharepoint-restore-sharepoint-native-skills	PASS	0	0	
sharepoint-agents-and-skills	sharepoint-review-manual-topics	PASS	0	0	
sharepoint-agents-and-skills	sharepoint-rollback-sharepoint-native-skill	PASS	0	0	
sharepoint-agents-and-skills	sharepoint-update-sharepoint-agent	PASS	0	0	
sharepoint-agents-and-skills	sharepoint-verify-sharepoint-native-skill	PASS	0	0	
sharepoint-content-migration	sharepoint-audit-list-content	PASS	0	0	
sharepoint-content-migration	sharepoint-migrate-sharepoint-list-content	PASS	0	0	
sharepoint-content-publication	sharepoint-publish-aspx-to-sharepoint	PASS	0	0	
sharepoint-content-publication	sharepoint-publish-markdown-to-sharepoint	PASS	0	0	
sharepoint-content-publication	sharepoint-reconcile-sharepoint-publication	PASS	0	0	
sharepoint-content-publication	sharepoint-rollback-sharepoint-publication	PASS	0	0	
sharepoint-content-publication	sharepoint-upload-content	PASS	0	0	
sharepoint-content-publication	sharepoint-validate-publication	PASS	0	0	
sharepoint-discovery	sharepoint-analyze-custom-forms	PASS	0	0	
sharepoint-discovery	sharepoint-analyze-page-inventory	PASS	0	0	
sharepoint-discovery	sharepoint-analyze-permissions	PASS	0	0	
sharepoint-discovery	sharepoint-analyze-site-navigation	PASS	0	0	
sharepoint-discovery	sharepoint-analyze-webpart-code	PASS	0	0	
sharepoint-discovery	sharepoint-audit-managed-metadata	PASS	0	0	
sharepoint-discovery	sharepoint-audit-onprem-schema-drift	PASS	0	0	
sharepoint-discovery	sharepoint-audit-schema	PASS	0	0	
sharepoint-discovery	sharepoint-collect-sharepoint-inventory	PASS	0	0	
sharepoint-discovery	sharepoint-diff-sharepoint-schema	PASS	0	0	
sharepoint-discovery	sharepoint-extract-calculated-columns	PASS	0	0	
sharepoint-discovery	sharepoint-extract-choice-fields	PASS	0	0	
sharepoint-discovery	sharepoint-generate-discovery-report-set	PASS	0	0	
sharepoint-discovery	sharepoint-generate-sharepoint-schema-from-export	PASS	0	0	
sharepoint-discovery	sharepoint-scaffold-schema-definition	PASS	0	0	
sharepoint-link-remediation	sharepoint-extract-links	PASS	0	0	
sharepoint-link-remediation	sharepoint-remediate-document-content-links	PASS	0	0	
sharepoint-link-remediation	sharepoint-remediate-field-image-references	PASS	0	0	
sharepoint-link-remediation	sharepoint-remediate-links	PASS	0	0	
sharepoint-link-remediation	sharepoint-validate-link-integrity	PASS	0	0	
sharepoint-migration-planning	sharepoint-analyze-sharepoint-dependency-graph	PASS	0	0	
sharepoint-migration-planning	sharepoint-discover-sharepoint-site-inventory	PASS	0	0	
sharepoint-migration-planning	sharepoint-generate-sharepoint-wave-scripts	PASS	0	0	
sharepoint-migration-planning	sharepoint-plan-sharepoint-deployment-waves	PASS	0	0	
sharepoint-migration-planning	sharepoint-setup-sharepoint-migration-project	PASS	0	0	
sharepoint-page-modernization	sharepoint-analyze-aspx-pages	PASS	0	0	
sharepoint-page-modernization	sharepoint-compose-page-preview	PASS	0	0	
sharepoint-page-modernization	sharepoint-convert-aspx-pages	PASS	0	0	
sharepoint-page-modernization	sharepoint-generate-conversion-report	PASS	0	0	
sharepoint-page-modernization-execution	sharepoint-convert-page-to-modern	PASS	0	0	
sharepoint-page-modernization-execution	sharepoint-copy-page-between-sites	PASS	0	0	
sharepoint-page-modernization-execution	sharepoint-execute-page-bulk-migration	PASS	0	0	
sharepoint-page-modernization-execution	sharepoint-validate-page-migration	PASS	0	0	
sharepoint-provisioning	sharepoint-add-list-column	PASS	0	0	
sharepoint-provisioning	sharepoint-add-list-item	PASS	0	0	
sharepoint-provisioning	sharepoint-apply-provisioning-plan	PASS	0	0	
sharepoint-provisioning	sharepoint-configure-column-formatting	PASS	0	0	
sharepoint-provisioning	sharepoint-configure-library-settings	PASS	0	0	
sharepoint-provisioning	sharepoint-create-content-type	PASS	0	0	
sharepoint-provisioning	sharepoint-create-document-library	PASS	0	0	
sharepoint-provisioning	sharepoint-create-list	PASS	0	0	
sharepoint-provisioning	sharepoint-create-list-view	PASS	0	0	
sharepoint-provisioning	sharepoint-create-site-column	PASS	0	0	
sharepoint-provisioning	sharepoint-detach-content-type	PASS	0	0	
sharepoint-provisioning	sharepoint-remove-content-type	PASS	0	0	
sharepoint-provisioning	sharepoint-remove-list	PASS	0	0	
sharepoint-provisioning	sharepoint-remove-list-column	PASS	0	0	
sharepoint-provisioning	sharepoint-remove-site-column	PASS	0	0	
sharepoint-provisioning	sharepoint-update-content-type	PASS	0	0	
sharepoint-provisioning	sharepoint-update-list-column	PASS	0	0	
sharepoint-provisioning	sharepoint-update-list-settings	PASS	0	0	
sharepoint-provisioning	sharepoint-update-site-column	PASS	0	0	
sharepoint-schema-reconciliation	sharepoint-provision-content-types	PASS	0	0	
sharepoint-schema-reconciliation	sharepoint-provision-fields	PASS	0	0	
sharepoint-schema-reconciliation	sharepoint-provision-list	PASS	0	0	
sharepoint-schema-reconciliation	sharepoint-provision-modern-calendar-list	PASS	0	0	
sharepoint-spfx-authoring	sharepoint-deploy-spfx-solution	PASS	0	0	
sharepoint-spfx-authoring	sharepoint-package-spfx-solution	PASS	0	0	
sharepoint-spfx-authoring	sharepoint-publish-spfx-package	PASS	0	0	
sharepoint-spfx-authoring	sharepoint-request-site-collection-app-catalog	PASS	0	0	
sharepoint-spfx-authoring	sharepoint-scaffold-spfx-form-customizer	PASS	0	0	
sharepoint-spfx-authoring	sharepoint-scaffold-spfx-listview-command-set	PASS	0	0	
sharepoint-spfx-authoring	sharepoint-scaffold-spfx-master-detail	PASS	0	0	
sharepoint-spfx-authoring	sharepoint-scaffold-spfx-react-app	PASS	0	0	
sharepoint-spfx-authoring	sharepoint-scaffold-spfx-webpart	PASS	0	0	
sharepoint-spfx-authoring	sharepoint-setup-spfx-workbench	PASS	0	0	
workbench-setup	workbench-initialize-document-workflow	PASS	0	0	
workbench-setup	workbench-initialize-workbench-config	PASS	0	0	
workbench-setup	workbench-request-app-registration	PASS	0	0	
workbench-setup	workbench-resolve-workbench-paths	PASS	0	0	
workbench-setup	workbench-validate-workbench-environment	PASS	0	0	
